{
  "norm_stats": {
    "state": {
      "mean": [
        -0.04528287425637245,
        0.0334765650331974,
        0.7827737927436829,
        2.9489870071411133,
        -0.2828550934791565,
        -0.14829689264297485,
        0.02700015902519226,
        -0.027273692190647125
      ],
      "std": [
        0.10387280583381653,
        0.1511877030134201,
        0.37043923139572144,
        0.3628755807876587,
        0.9805341362953186,
        0.34411367774009705,
        0.01412990689277649,
        0.01402908843010664
      ],
      "q01": [
        -0.23295044898986816,
        -0.09229718148708344,
        0.9169694185256958,
        1.595710039138794,
        -2.4985079765319824,
        -1.0925343036651611,
        0.0017531212652102113,
        -0.04007486253976822
      ],
      "q99": [
        0.09231877326965332,
        0.21369247138500214,
        1.1855571269989014,
        3.1880125999450684,
        3.0539348125457764,
        0.8618528246879578,
        0.040516387671232224,
        -0.001463750726543367
      ]
    },
    "actions": {
      "mean": [
        0.058146871626377106,
        0.0831763818860054,
        -0.08981689065694809,
        0.0009011951042339206,
        0.005159333813935518,
        -0.005383291281759739,
        -0.06720814853906631
      ],
      "std": [
        0.3341098129749298,
        0.37449976801872253,
        0.43667012453079224,
        0.040497276932001114,
        0.06329711526632309,
        0.07979442179203033,
        0.9977389574050903
      ],
      "q01": [
        -0.48216965794563293,
        -0.7339285612106323,
        -0.7875000238418579,
        -0.06858213990926743,
        -0.16608214378356934,
        -0.29679644107818604,
        -1.0
      ],
      "q99": [
        0.7258928418159485,
        0.7794643044471741,
        0.8277053236961365,
        0.1810714304447174,
        0.16178570687770844,
        0.375,
        1.0
      ]
    }
  },
  "metadata": {
    "data_dir": "/root/gpufree-data/sim_vla/SimVLA/datasets/metas",
    "subsets": [
      "libero_10",
      "libero_goal",
      "libero_object",
      "libero_spatial"
    ],
    "num_demos": 2000,
    "num_steps": 338575,
    "state_dim": 8,
    "action_dim": 7,
    "state_labels": [
      "ee_x",
      "ee_y",
      "ee_z",
      "ori_r",
      "ori_p",
      "ori_y",
      "grip_0",
      "grip_1"
    ],
    "action_labels": [
      "dx",
      "dy",
      "dz",
      "dr",
      "dp",
      "dyaw",
      "gripper"
    ]
  }
}